Transaction Date,Account Number,Account Holder Name,Amount
2025-01-01,000-100000000-00,Alice Johnson,1.00
2025/02/02,000-100000001-01,Bob Smith,1.01
2025-03-03,0000000000000002,Carol Williams,2.02
2025-04-04,000-100000003-03,,3.03
2025-05-05,000-100000004-04,Emma Davis,-10.00
2025-06-06,000-100000005-05,Frank Miller,6.05
2025/07/07,000-100000006-06,Grace Wilson,6.06
2025-08-08,0000000000000007,Hank Moore,7.07
2025-09-09,000-100000008-08,,8.08
2025-10-10,000-100000009-09,Jack Anderson,-10.00
2025-11-11,000-100000010-10,Alice Johnson,11.10
2025/12/12,000-100000011-11,Bob Smith,11.11
2025-01-13,0000000000000012,Carol Williams,12.12
2025-02-14,000-100000013-13,,13.13
2025-03-15,000-100000014-14,Emma Davis,-10.00
2025-04-16,000-100000015-15,Frank Miller,16.15
2025/05/17,000-100000016-16,Grace Wilson,16.16
2025-06-18,0000000000000017,Hank Moore,17.17
2025-07-19,000-100000018-18,,18.18
2025-08-20,000-100000019-19,Jack Anderson,-10.00
2025-09-21,000-100000020-20,Alice Johnson,21.20
2025/10/22,000-100000021-21,Bob Smith,21.21
2025-11-23,0000000000000022,Carol Williams,22.22
2025-12-24,000-100000023-23,,23.23
2025-01-25,000-100000024-24,Emma Davis,-10.00
2025-02-26,000-100000025-25,Frank Miller,26.25
2025/03/27,000-100000026-26,Grace Wilson,26.26
2025-04-28,0000000000000027,Hank Moore,27.27
2025-05-01,000-100000028-28,,28.28
2025-06-02,000-100000029-29,Jack Anderson,-10.00
2025-07-03,000-100000030-30,Alice Johnson,31.30
2025/08/04,000-100000031-31,Bob Smith,31.31
2025-09-05,0000000000000032,Carol Williams,32.32
2025-10-06,000-100000033-33,,33.33
2025-11-07,000-100000034-34,Emma Davis,-10.00
2025-12-08,000-100000035-35,Frank Miller,36.35
2025/01/09,000-100000036-36,Grace Wilson,36.36
2025-02-10,0000000000000037,Hank Moore,37.37
2025-03-11,000-100000038-38,,38.38
2025-04-12,000-100000039-39,Jack Anderson,-10.00
2025-05-13,000-100000040-40,Alice Johnson,41.40
2025/06/14,000-100000041-41,Bob Smith,41.41
2025-07-15,0000000000000042,Carol Williams,42.42
2025-08-16,000-100000043-43,,43.43
2025-09-17,000-100000044-44,Emma Davis,-10.00
2025-10-18,000-100000045-45,Frank Miller,46.45
2025/11/19,000-100000046-46,Grace Wilson,46.46
2025-12-20,0000000000000047,Hank Moore,47.47
2025-01-21,000-100000048-48,,48.48
2025-02-22,000-100000049-49,Jack Anderson,-10.00
2025-03-23,000-100000050-50,Alice Johnson,51.50
2025/04/24,000-100000051-51,Bob Smith,51.51
2025-05-25,0000000000000052,Carol Williams,52.52
2025-06-26,000-100000053-53,,53.53
2025-07-27,000-100000054-54,Emma Davis,-10.00
2025-08-28,000-100000055-55,Frank Miller,56.55
2025/09/01,000-100000056-56,Grace Wilson,56.56
2025-10-02,0000000000000057,Hank Moore,57.57
2025-11-03,000-100000058-58,,58.58
2025-12-04,000-100000059-59,Jack Anderson,-10.00
2025-01-05,000-100000060-60,Alice Johnson,61.60
2025/02/06,000-100000061-61,Bob Smith,61.61
2025-03-07,0000000000000062,Carol Williams,62.62
2025-04-08,000-100000063-63,,63.63
2025-05-09,000-100000064-64,Emma Davis,-10.00
2025-06-10,000-100000065-65,Frank Miller,66.65
2025/07/11,000-100000066-66,Grace Wilson,66.66
2025-08-12,0000000000000067,Hank Moore,67.67
2025-09-13,000-100000068-68,,68.68
2025-10-14,000-100000069-69,Jack Anderson,-10.00
2025-11-15,000-100000070-70,Alice Johnson,71.70
2025/12/16,000-100000071-71,Bob Smith,71.71
2025-01-17,0000000000000072,Carol Williams,72.72
2025-02-18,000-100000073-73,,73.73
2025-03-19,000-100000074-74,Emma Davis,-10.00
2025-04-20,000-100000075-75,Frank Miller,76.75
2025/05/21,000-100000076-76,Grace Wilson,76.76
2025-06-22,0000000000000077,Hank Moore,77.77
2025-07-23,000-100000078-78,,78.78
2025-08-24,000-100000079-79,Jack Anderson,-10.00
2025-09-25,000-100000080-80,Alice Johnson,81.80
2025/10/26,000-100000081-81,Bob Smith,81.81
2025-11-27,0000000000000082,Carol Williams,82.82
2025-12-28,000-100000083-83,,83.83
2025-01-01,000-100000084-84,Emma Davis,-10.00
2025-02-02,000-100000085-85,Frank Miller,86.85
2025/03/03,000-100000086-86,Grace Wilson,86.86
2025-04-04,0000000000000087,Hank Moore,87.87
2025-05-05,000-100000088-88,,88.88
2025-06-06,000-100000089-89,Jack Anderson,-10.00
2025-07-07,000-100000090-90,Alice Johnson,91.90
2025/08/08,000-100000091-91,Bob Smith,91.91
2025-09-09,0000000000000092,Carol Williams,92.92
2025-10-10,000-100000093-93,,93.93
2025-11-11,000-100000094-94,Emma Davis,-10.00
2025-12-12,000-100000095-95,Frank Miller,96.95
2025/01/13,000-100000096-96,Grace Wilson,96.96
2025-02-14,0000000000000097,Hank Moore,97.97
2025-03-15,000-100000098-98,,98.98
2025-04-16,000-100000099-99,Jack Anderson,-10.00
2025-05-17,000-100000100-00,Alice Johnson,101.00
2025/06/18,000-100000101-01,Bob Smith,101.01
2025-07-19,0000000000000102,Carol Williams,102.02
2025-08-20,000-100000103-03,,103.03
2025-09-21,000-100000104-04,Emma Davis,-10.00
2025-10-22,000-100000105-05,Frank Miller,106.05
2025/11/23,000-100000106-06,Grace Wilson,106.06
2025-12-24,0000000000000107,Hank Moore,107.07
2025-01-25,000-100000108-08,,108.08
2025-02-26,000-100000109-09,Jack Anderson,-10.00
2025-03-27,000-100000110-10,Alice Johnson,111.10
2025/04/28,000-100000111-11,Bob Smith,111.11
2025-05-01,0000000000000112,Carol Williams,112.12
2025-06-02,000-100000113-13,,113.13
2025-07-03,000-100000114-14,Emma Davis,-10.00
2025-08-04,000-100000115-15,Frank Miller,116.15
2025/09/05,000-100000116-16,Grace Wilson,116.16
2025-10-06,0000000000000117,Hank Moore,117.17
2025-11-07,000-100000118-18,,118.18
2025-12-08,000-100000119-19,Jack Anderson,-10.00
2025-01-09,000-100000120-20,Alice Johnson,121.20
2025/02/10,000-100000121-21,Bob Smith,121.21
2025-03-11,0000000000000122,Carol Williams,122.22
2025-04-12,000-100000123-23,,123.23
2025-05-13,000-100000124-24,Emma Davis,-10.00
2025-06-14,000-100000125-25,Frank Miller,126.25
2025/07/15,000-100000126-26,Grace Wilson,126.26
2025-08-16,0000000000000127,Hank Moore,127.27
2025-09-17,000-100000128-28,,128.28
2025-10-18,000-100000129-29,Jack Anderson,-10.00
2025-11-19,000-100000130-30,Alice Johnson,131.30
2025/12/20,000-100000131-31,Bob Smith,131.31
2025-01-21,0000000000000132,Carol Williams,132.32
2025-02-22,000-100000133-33,,133.33
2025-03-23,000-100000134-34,Emma Davis,-10.00
2025-04-24,000-100000135-35,Frank Miller,136.35
2025/05/25,000-100000136-36,Grace Wilson,136.36
2025-06-26,0000000000000137,Hank Moore,137.37
2025-07-27,000-100000138-38,,138.38
2025-08-28,000-100000139-39,Jack Anderson,-10.00
2025-09-01,000-100000140-40,Alice Johnson,141.40
2025/10/02,000-100000141-41,Bob Smith,141.41
2025-11-03,0000000000000142,Carol Williams,142.42
2025-12-04,000-100000143-43,,143.43
2025-01-05,000-100000144-44,Emma Davis,-10.00
2025-02-06,000-100000145-45,Frank Miller,146.45
2025/03/07,000-100000146-46,Grace Wilson,146.46
2025-04-08,0000000000000147,Hank Moore,147.47
2025-05-09,000-100000148-48,,148.48
2025-06-10,000-100000149-49,Jack Anderson,-10.00
2025-07-11,000-100000150-50,Alice Johnson,151.50
2025/08/12,000-100000151-51,Bob Smith,151.51
2025-09-13,0000000000000152,Carol Williams,152.52
2025-10-14,000-100000153-53,,153.53
2025-11-15,000-100000154-54,Emma Davis,-10.00
2025-12-16,000-100000155-55,Frank Miller,156.55
2025/01/17,000-100000156-56,Grace Wilson,156.56
2025-02-18,0000000000000157,Hank Moore,157.57
2025-03-19,000-100000158-58,,158.58
2025-04-20,000-100000159-59,Jack Anderson,-10.00
2025-05-21,000-100000160-60,Alice Johnson,161.60
2025/06/22,000-100000161-61,Bob Smith,161.61
2025-07-23,0000000000000162,Carol Williams,162.62
2025-08-24,000-100000163-63,,163.63
2025-09-25,000-100000164-64,Emma Davis,-10.00
2025-10-26,000-100000165-65,Frank Miller,166.65
2025/11/27,000-100000166-66,Grace Wilson,166.66
2025-12-28,0000000000000167,Hank Moore,167.67
2025-01-01,000-100000168-68,,168.68
2025-02-02,000-100000169-69,Jack Anderson,-10.00
2025-03-03,000-100000170-70,Alice Johnson,171.70
2025/04/04,000-100000171-71,Bob Smith,171.71
2025-05-05,0000000000000172,Carol Williams,172.72
2025-06-06,000-100000173-73,,173.73
2025-07-07,000-100000174-74,Emma Davis,-10.00
2025-08-08,000-100000175-75,Frank Miller,176.75
2025/09/09,000-100000176-76,Grace Wilson,176.76
2025-10-10,0000000000000177,Hank Moore,177.77
2025-11-11,000-100000178-78,,178.78
2025-12-12,000-100000179-79,Jack Anderson,-10.00
2025-01-13,000-100000180-80,Alice Johnson,181.80
2025/02/14,000-100000181-81,Bob Smith,181.81
2025-03-15,0000000000000182,Carol Williams,182.82
2025-04-16,000-100000183-83,,183.83
2025-05-17,000-100000184-84,Emma Davis,-10.00
2025-06-18,000-100000185-85,Frank Miller,186.85
2025/07/19,000-100000186-86,Grace Wilson,186.86
2025-08-20,0000000000000187,Hank Moore,187.87
2025-09-21,000-100000188-88,,188.88
2025-10-22,000-100000189-89,Jack Anderson,-10.00
2025-11-23,000-100000190-90,Alice Johnson,191.90
2025/12/24,000-100000191-91,Bob Smith,191.91
2025-01-25,0000000000000192,Carol Williams,192.92
2025-02-26,000-100000193-93,,193.93
2025-03-27,000-100000194-94,Emma Davis,-10.00
2025-04-28,000-100000195-95,Frank Miller,196.95
2025/05/01,000-100000196-96,Grace Wilson,196.96
2025-06-02,0000000000000197,Hank Moore,197.97
2025-07-03,000-100000198-98,,198.98
2025-08-04,000-100000199-99,Jack Anderson,-10.00
2025-09-05,000-100000200-00,Alice Johnson,201.00
2025/10/06,000-100000201-01,Bob Smith,201.01
2025-11-07,0000000000000202,Carol Williams,202.02
2025-12-08,000-100000203-03,,203.03
2025-01-09,000-100000204-04,Emma Davis,-10.00
2025-02-10,000-100000205-05,Frank Miller,206.05
2025/03/11,000-100000206-06,Grace Wilson,206.06
2025-04-12,0000000000000207,Hank Moore,207.07
2025-05-13,000-100000208-08,,208.08
2025-06-14,000-100000209-09,Jack Anderson,-10.00
2025-07-15,000-100000210-10,Alice Johnson,211.10
2025/08/16,000-100000211-11,Bob Smith,211.11
2025-09-17,0000000000000212,Carol Williams,212.12
2025-10-18,000-100000213-13,,213.13
2025-11-19,000-100000214-14,Emma Davis,-10.00
2025-12-20,000-100000215-15,Frank Miller,216.15
2025/01/21,000-100000216-16,Grace Wilson,216.16
2025-02-22,0000000000000217,Hank Moore,217.17
2025-03-23,000-100000218-18,,218.18
2025-04-24,000-100000219-19,Jack Anderson,-10.00
2025-05-25,000-100000220-20,Alice Johnson,221.20
2025/06/26,000-100000221-21,Bob Smith,221.21
2025-07-27,0000000000000222,Carol Williams,222.22
2025-08-28,000-100000223-23,,223.23
2025-09-01,000-100000224-24,Emma Davis,-10.00
2025-10-02,000-100000225-25,Frank Miller,226.25
2025/11/03,000-100000226-26,Grace Wilson,226.26
2025-12-04,0000000000000227,Hank Moore,227.27
2025-01-05,000-100000228-28,,228.28
2025-02-06,000-100000229-29,Jack Anderson,-10.00
2025-03-07,000-100000230-30,Alice Johnson,231.30
2025/04/08,000-100000231-31,Bob Smith,231.31
2025-05-09,0000000000000232,Carol Williams,232.32
2025-06-10,000-100000233-33,,233.33
2025-07-11,000-100000234-34,Emma Davis,-10.00
2025-08-12,000-100000235-35,Frank Miller,236.35
2025/09/13,000-100000236-36,Grace Wilson,236.36
2025-10-14,0000000000000237,Hank Moore,237.37
2025-11-15,000-100000238-38,,238.38
2025-12-16,000-100000239-39,Jack Anderson,-10.00
2025-01-17,000-100000240-40,Alice Johnson,241.40
2025/02/18,000-100000241-41,Bob Smith,241.41
2025-03-19,0000000000000242,Carol Williams,242.42
2025-04-20,000-100000243-43,,243.43
2025-05-21,000-100000244-44,Emma Davis,-10.00
2025-06-22,000-100000245-45,Frank Miller,246.45
2025/07/23,000-100000246-46,Grace Wilson,246.46
2025-08-24,0000000000000247,Hank Moore,247.47
2025-09-25,000-100000248-48,,248.48
2025-10-26,000-100000249-49,Jack Anderson,-10.00
2025-11-27,000-100000250-50,Alice Johnson,251.50
2025/12/28,000-100000251-51,Bob Smith,251.51
2025-01-01,0000000000000252,Carol Williams,252.52
2025-02-02,000-100000253-53,,253.53
2025-03-03,000-100000254-54,Emma Davis,-10.00
2025-04-04,000-100000255-55,Frank Miller,256.55
2025/05/05,000-100000256-56,Grace Wilson,256.56
2025-06-06,0000000000000257,Hank Moore,257.57
2025-07-07,000-100000258-58,,258.58
2025-08-08,000-100000259-59,Jack Anderson,-10.00
2025-09-09,000-100000260-60,Alice Johnson,261.60
2025/10/10,000-100000261-61,Bob Smith,261.61
2025-11-11,0000000000000262,Carol Williams,262.62
2025-12-12,000-100000263-63,,263.63
2025-01-13,000-100000264-64,Emma Davis,-10.00
2025-02-14,000-100000265-65,Frank Miller,266.65
2025/03/15,000-100000266-66,Grace Wilson,266.66
2025-04-16,0000000000000267,Hank Moore,267.67
2025-05-17,000-100000268-68,,268.68
2025-06-18,000-100000269-69,Jack Anderson,-10.00
2025-07-19,000-100000270-70,Alice Johnson,271.70
2025/08/20,000-100000271-71,Bob Smith,271.71
2025-09-21,0000000000000272,Carol Williams,272.72
2025-10-22,000-100000273-73,,273.73
2025-11-23,000-100000274-74,Emma Davis,-10.00
2025-12-24,000-100000275-75,Frank Miller,276.75
2025/01/25,000-100000276-76,Grace Wilson,276.76
2025-02-26,0000000000000277,Hank Moore,277.77
2025-03-27,000-100000278-78,,278.78
2025-04-28,000-100000279-79,Jack Anderson,-10.00
2025-05-01,000-100000280-80,Alice Johnson,281.80
2025/06/02,000-100000281-81,Bob Smith,281.81
2025-07-03,0000000000000282,Carol Williams,282.82
2025-08-04,000-100000283-83,,283.83
2025-09-05,000-100000284-84,Emma Davis,-10.00
2025-10-06,000-100000285-85,Frank Miller,286.85
2025/11/07,000-100000286-86,Grace Wilson,286.86
2025-12-08,0000000000000287,Hank Moore,287.87
2025-01-09,000-100000288-88,,288.88
2025-02-10,000-100000289-89,Jack Anderson,-10.00
2025-03-11,000-100000290-90,Alice Johnson,291.90
2025/04/12,000-100000291-91,Bob Smith,291.91
2025-05-13,0000000000000292,Carol Williams,292.92
2025-06-14,000-100000293-93,,293.93
2025-07-15,000-100000294-94,Emma Davis,-10.00
2025-08-16,000-100000295-95,Frank Miller,296.95
2025/09/17,000-100000296-96,Grace Wilson,296.96
2025-10-18,0000000000000297,Hank Moore,297.97
2025-11-19,000-100000298-98,,298.98
2025-12-20,000-100000299-99,Jack Anderson,-10.00
2025-01-21,000-100000300-00,Alice Johnson,301.00
2025/02/22,000-100000301-01,Bob Smith,301.01
2025-03-23,0000000000000302,Carol Williams,302.02
2025-04-24,000-100000303-03,,303.03
2025-05-25,000-100000304-04,Emma Davis,-10.00
2025-06-26,000-100000305-05,Frank Miller,306.05
2025/07/27,000-100000306-06,Grace Wilson,306.06
2025-08-28,0000000000000307,Hank Moore,307.07
2025-09-01,000-100000308-08,,308.08
2025-10-02,000-100000309-09,Jack Anderson,-10.00
2025-11-03,000-100000310-10,Alice Johnson,311.10
2025/12/04,000-100000311-11,Bob Smith,311.11
2025-01-05,0000000000000312,Carol Williams,312.12
2025-02-06,000-100000313-13,,313.13
2025-03-07,000-100000314-14,Emma Davis,-10.00
2025-04-08,000-100000315-15,Frank Miller,316.15
2025/05/09,000-100000316-16,Grace Wilson,316.16
2025-06-10,0000000000000317,Hank Moore,317.17
2025-07-11,000-100000318-18,,318.18
2025-08-12,000-100000319-19,Jack Anderson,-10.00
2025-09-13,000-100000320-20,Alice Johnson,321.20
2025/10/14,000-100000321-21,Bob Smith,321.21
2025-11-15,0000000000000322,Carol Williams,322.22
2025-12-16,000-100000323-23,,323.23
2025-01-17,000-100000324-24,Emma Davis,-10.00
2025-02-18,000-100000325-25,Frank Miller,326.25
2025/03/19,000-100000326-26,Grace Wilson,326.26
2025-04-20,0000000000000327,Hank Moore,327.27
2025-05-21,000-100000328-28,,328.28
2025-06-22,000-100000329-29,Jack Anderson,-10.00
2025-07-23,000-100000330-30,Alice Johnson,331.30
2025/08/24,000-100000331-31,Bob Smith,331.31
2025-09-25,0000000000000332,Carol Williams,332.32
2025-10-26,000-100000333-33,,333.33
2025-11-27,000-100000334-34,Emma Davis,-10.00
2025-12-28,000-100000335-35,Frank Miller,336.35
2025/01/01,000-100000336-36,Grace Wilson,336.36
2025-02-02,0000000000000337,Hank Moore,337.37
2025-03-03,000-100000338-38,,338.38
2025-04-04,000-100000339-39,Jack Anderson,-10.00
2025-05-05,000-100000340-40,Alice Johnson,341.40
2025/06/06,000-100000341-41,Bob Smith,341.41
2025-07-07,0000000000000342,Carol Williams,342.42
2025-08-08,000-100000343-43,,343.43
2025-09-09,000-100000344-44,Emma Davis,-10.00
2025-10-10,000-100000345-45,Frank Miller,346.45
2025/11/11,000-100000346-46,Grace Wilson,346.46
2025-12-12,0000000000000347,Hank Moore,347.47
2025-01-13,000-100000348-48,,348.48
2025-02-14,000-100000349-49,Jack Anderson,-10.00
2025-03-15,000-100000350-50,Alice Johnson,351.50
2025/04/16,000-100000351-51,Bob Smith,351.51
2025-05-17,0000000000000352,Carol Williams,352.52
2025-06-18,000-100000353-53,,353.53
2025-07-19,000-100000354-54,Emma Davis,-10.00
2025-08-20,000-100000355-55,Frank Miller,356.55
2025/09/21,000-100000356-56,Grace Wilson,356.56
2025-10-22,0000000000000357,Hank Moore,357.57
2025-11-23,000-100000358-58,,358.58
2025-12-24,000-100000359-59,Jack Anderson,-10.00
2025-01-25,000-100000360-60,Alice Johnson,361.60
2025/02/26,000-100000361-61,Bob Smith,361.61
2025-03-27,0000000000000362,Carol Williams,362.62
2025-04-28,000-100000363-63,,363.63
2025-05-01,000-100000364-64,Emma Davis,-10.00
2025-06-02,000-100000365-65,Frank Miller,366.65
2025/07/03,000-100000366-66,Grace Wilson,366.66
2025-08-04,0000000000000367,Hank Moore,367.67
2025-09-05,000-100000368-68,,368.68
2025-10-06,000-100000369-69,Jack Anderson,-10.00
2025-11-07,000-100000370-70,Alice Johnson,371.70
2025/12/08,000-100000371-71,Bob Smith,371.71
2025-01-09,0000000000000372,Carol Williams,372.72
2025-02-10,000-100000373-73,,373.73
2025-03-11,000-100000374-74,Emma Davis,-10.00
2025-04-12,000-100000375-75,Frank Miller,376.75
2025/05/13,000-100000376-76,Grace Wilson,376.76
2025-06-14,0000000000000377,Hank Moore,377.77
2025-07-15,000-100000378-78,,378.78
2025-08-16,000-100000379-79,Jack Anderson,-10.00
2025-09-17,000-100000380-80,Alice Johnson,381.80
2025/10/18,000-100000381-81,Bob Smith,381.81
2025-11-19,0000000000000382,Carol Williams,382.82
2025-12-20,000-100000383-83,,383.83
2025-01-21,000-100000384-84,Emma Davis,-10.00
2025-02-22,000-100000385-85,Frank Miller,386.85
2025/03/23,000-100000386-86,Grace Wilson,386.86
2025-04-24,0000000000000387,Hank Moore,387.87
2025-05-25,000-100000388-88,,388.88
2025-06-26,000-100000389-89,Jack Anderson,-10.00
2025-07-27,000-100000390-90,Alice Johnson,391.90
2025/08/28,000-100000391-91,Bob Smith,391.91
2025-09-01,0000000000000392,Carol Williams,392.92
2025-10-02,000-100000393-93,,393.93
2025-11-03,000-100000394-94,Emma Davis,-10.00
2025-12-04,000-100000395-95,Frank Miller,396.95
2025/01/05,000-100000396-96,Grace Wilson,396.96
2025-02-06,0000000000000397,Hank Moore,397.97
2025-03-07,000-100000398-98,,398.98
2025-04-08,000-100000399-99,Jack Anderson,-10.00
2025-05-09,000-100000400-00,Alice Johnson,401.00
2025/06/10,000-100000401-01,Bob Smith,401.01
2025-07-11,0000000000000402,Carol Williams,402.02
2025-08-12,000-100000403-03,,403.03
2025-09-13,000-100000404-04,Emma Davis,-10.00
2025-10-14,000-100000405-05,Frank Miller,406.05
2025/11/15,000-100000406-06,Grace Wilson,406.06
2025-12-16,0000000000000407,Hank Moore,407.07
2025-01-17,000-100000408-08,,408.08
2025-02-18,000-100000409-09,Jack Anderson,-10.00
2025-03-19,000-100000410-10,Alice Johnson,411.10
2025/04/20,000-100000411-11,Bob Smith,411.11
2025-05-21,0000000000000412,Carol Williams,412.12
2025-06-22,000-100000413-13,,413.13
2025-07-23,000-100000414-14,Emma Davis,-10.00
2025-08-24,000-100000415-15,Frank Miller,416.15
2025/09/25,000-100000416-16,Grace Wilson,416.16
2025-10-26,0000000000000417,Hank Moore,417.17
2025-11-27,000-100000418-18,,418.18
2025-12-28,000-100000419-19,Jack Anderson,-10.00
2025-01-01,000-100000420-20,Alice Johnson,421.20
2025/02/02,000-100000421-21,Bob Smith,421.21
2025-03-03,0000000000000422,Carol Williams,422.22
2025-04-04,000-100000423-23,,423.23
2025-05-05,000-100000424-24,Emma Davis,-10.00
2025-06-06,000-100000425-25,Frank Miller,426.25
2025/07/07,000-100000426-26,Grace Wilson,426.26
2025-08-08,0000000000000427,Hank Moore,427.27
2025-09-09,000-100000428-28,,428.28
2025-10-10,000-100000429-29,Jack Anderson,-10.00
2025-11-11,000-100000430-30,Alice Johnson,431.30
2025/12/12,000-100000431-31,Bob Smith,431.31
2025-01-13,0000000000000432,Carol Williams,432.32
2025-02-14,000-100000433-33,,433.33
2025-03-15,000-100000434-34,Emma Davis,-10.00
2025-04-16,000-100000435-35,Frank Miller,436.35
2025/05/17,000-100000436-36,Grace Wilson,436.36
2025-06-18,0000000000000437,Hank Moore,437.37
2025-07-19,000-100000438-38,,438.38
2025-08-20,000-100000439-39,Jack Anderson,-10.00
2025-09-21,000-100000440-40,Alice Johnson,441.40
2025/10/22,000-100000441-41,Bob Smith,441.41
2025-11-23,0000000000000442,Carol Williams,442.42
2025-12-24,000-100000443-43,,443.43
2025-01-25,000-100000444-44,Emma Davis,-10.00
2025-02-26,000-100000445-45,Frank Miller,446.45
2025/03/27,000-100000446-46,Grace Wilson,446.46
2025-04-28,0000000000000447,Hank Moore,447.47
2025-05-01,000-100000448-48,,448.48
2025-06-02,000-100000449-49,Jack Anderson,-10.00
2025-07-03,000-100000450-50,Alice Johnson,451.50
2025/08/04,000-100000451-51,Bob Smith,451.51
2025-09-05,0000000000000452,Carol Williams,452.52
2025-10-06,000-100000453-53,,453.53
2025-11-07,000-100000454-54,Emma Davis,-10.00
2025-12-08,000-100000455-55,Frank Miller,456.55
2025/01/09,000-100000456-56,Grace Wilson,456.56
2025-02-10,0000000000000457,Hank Moore,457.57
2025-03-11,000-100000458-58,,458.58
2025-04-12,000-100000459-59,Jack Anderson,-10.00
2025-05-13,000-100000460-60,Alice Johnson,461.60
2025/06/14,000-100000461-61,Bob Smith,461.61
2025-07-15,0000000000000462,Carol Williams,462.62
2025-08-16,000-100000463-63,,463.63
2025-09-17,000-100000464-64,Emma Davis,-10.00
2025-10-18,000-100000465-65,Frank Miller,466.65
2025/11/19,000-100000466-66,Grace Wilson,466.66
2025-12-20,0000000000000467,Hank Moore,467.67
2025-01-21,000-100000468-68,,468.68
2025-02-22,000-100000469-69,Jack Anderson,-10.00
2025-03-23,000-100000470-70,Alice Johnson,471.70
2025/04/24,000-100000471-71,Bob Smith,471.71
2025-05-25,0000000000000472,Carol Williams,472.72
2025-06-26,000-100000473-73,,473.73
2025-07-27,000-100000474-74,Emma Davis,-10.00
2025-08-28,000-100000475-75,Frank Miller,476.75
2025/09/01,000-100000476-76,Grace Wilson,476.76
2025-10-02,0000000000000477,Hank Moore,477.77
2025-11-03,000-100000478-78,,478.78
2025-12-04,000-100000479-79,Jack Anderson,-10.00
2025-01-05,000-100000480-80,Alice Johnson,481.80
2025/02/06,000-100000481-81,Bob Smith,481.81
2025-03-07,0000000000000482,Carol Williams,482.82
2025-04-08,000-100000483-83,,483.83
2025-05-09,000-100000484-84,Emma Davis,-10.00
2025-06-10,000-100000485-85,Frank Miller,486.85
2025/07/11,000-100000486-86,Grace Wilson,486.86
2025-08-12,0000000000000487,Hank Moore,487.87
2025-09-13,000-100000488-88,,488.88
2025-10-14,000-100000489-89,Jack Anderson,-10.00
2025-11-15,000-100000490-90,Alice Johnson,491.90
2025/12/16,000-100000491-91,Bob Smith,491.91
2025-01-17,0000000000000492,Carol Williams,492.92
2025-02-18,000-100000493-93,,493.93
2025-03-19,000-100000494-94,Emma Davis,-10.00
2025-04-20,000-100000495-95,Frank Miller,496.95
2025/05/21,000-100000496-96,Grace Wilson,496.96
2025-06-22,0000000000000497,Hank Moore,497.97
2025-07-23,000-100000498-98,,498.98
2025-08-24,000-100000499-99,Jack Anderson,-10.00
2025-09-25,000-100000500-00,Alice Johnson,501.00
2025/10/26,000-100000501-01,Bob Smith,501.01
2025-11-27,0000000000000502,Carol Williams,502.02
2025-12-28,000-100000503-03,,503.03
2025-01-01,000-100000504-04,Emma Davis,-10.00
2025-02-02,000-100000505-05,Frank Miller,506.05
2025/03/03,000-100000506-06,Grace Wilson,506.06
2025-04-04,0000000000000507,Hank Moore,507.07
2025-05-05,000-100000508-08,,508.08
2025-06-06,000-100000509-09,Jack Anderson,-10.00
2025-07-07,000-100000510-10,Alice Johnson,511.10
2025/08/08,000-100000511-11,Bob Smith,511.11
2025-09-09,0000000000000512,Carol Williams,512.12
2025-10-10,000-100000513-13,,513.13
2025-11-11,000-100000514-14,Emma Davis,-10.00
2025-12-12,000-100000515-15,Frank Miller,516.15
2025/01/13,000-100000516-16,Grace Wilson,516.16
2025-02-14,0000000000000517,Hank Moore,517.17
2025-03-15,000-100000518-18,,518.18
2025-04-16,000-100000519-19,Jack Anderson,-10.00
2025-05-17,000-100000520-20,Alice Johnson,521.20
2025/06/18,000-100000521-21,Bob Smith,521.21
2025-07-19,0000000000000522,Carol Williams,522.22
2025-08-20,000-100000523-23,,523.23
2025-09-21,000-100000524-24,Emma Davis,-10.00
2025-10-22,000-100000525-25,Frank Miller,526.25
2025/11/23,000-100000526-26,Grace Wilson,526.26
2025-12-24,0000000000000527,Hank Moore,527.27
2025-01-25,000-100000528-28,,528.28
2025-02-26,000-100000529-29,Jack Anderson,-10.00
2025-03-27,000-100000530-30,Alice Johnson,531.30
2025/04/28,000-100000531-31,Bob Smith,531.31
2025-05-01,0000000000000532,Carol Williams,532.32
2025-06-02,000-100000533-33,,533.33
2025-07-03,000-100000534-34,Emma Davis,-10.00
2025-08-04,000-100000535-35,Frank Miller,536.35
2025/09/05,000-100000536-36,Grace Wilson,536.36
2025-10-06,0000000000000537,Hank Moore,537.37
2025-11-07,000-100000538-38,,538.38
2025-12-08,000-100000539-39,Jack Anderson,-10.00
2025-01-09,000-100000540-40,Alice Johnson,541.40
2025/02/10,000-100000541-41,Bob Smith,541.41
2025-03-11,0000000000000542,Carol Williams,542.42
2025-04-12,000-100000543-43,,543.43
2025-05-13,000-100000544-44,Emma Davis,-10.00
2025-06-14,000-100000545-45,Frank Miller,546.45
2025/07/15,000-100000546-46,Grace Wilson,546.46
2025-08-16,0000000000000547,Hank Moore,547.47
2025-09-17,000-100000548-48,,548.48
2025-10-18,000-100000549-49,Jack Anderson,-10.00
2025-11-19,000-100000550-50,Alice Johnson,551.50
2025/12/20,000-100000551-51,Bob Smith,551.51
2025-01-21,0000000000000552,Carol Williams,552.52
2025-02-22,000-100000553-53,,553.53
2025-03-23,000-100000554-54,Emma Davis,-10.00
2025-04-24,000-100000555-55,Frank Miller,556.55
2025/05/25,000-100000556-56,Grace Wilson,556.56
2025-06-26,0000000000000557,Hank Moore,557.57
2025-07-27,000-100000558-58,,558.58
2025-08-28,000-100000559-59,Jack Anderson,-10.00
2025-09-01,000-100000560-60,Alice Johnson,561.60
2025/10/02,000-100000561-61,Bob Smith,561.61
2025-11-03,0000000000000562,Carol Williams,562.62
2025-12-04,000-100000563-63,,563.63
2025-01-05,000-100000564-64,Emma Davis,-10.00
2025-02-06,000-100000565-65,Frank Miller,566.65
2025/03/07,000-100000566-66,Grace Wilson,566.66
2025-04-08,0000000000000567,Hank Moore,567.67
2025-05-09,000-100000568-68,,568.68
2025-06-10,000-100000569-69,Jack Anderson,-10.00
2025-07-11,000-100000570-70,Alice Johnson,571.70
2025/08/12,000-100000571-71,Bob Smith,571.71
2025-09-13,0000000000000572,Carol Williams,572.72
2025-10-14,000-100000573-73,,573.73
2025-11-15,000-100000574-74,Emma Davis,-10.00
2025-12-16,000-100000575-75,Frank Miller,576.75
2025/01/17,000-100000576-76,Grace Wilson,576.76
2025-02-18,0000000000000577,Hank Moore,577.77
2025-03-19,000-100000578-78,,578.78
2025-04-20,000-100000579-79,Jack Anderson,-10.00
2025-05-21,000-100000580-80,Alice Johnson,581.80
2025/06/22,000-100000581-81,Bob Smith,581.81
2025-07-23,0000000000000582,Carol Williams,582.82
2025-08-24,000-100000583-83,,583.83
2025-09-25,000-100000584-84,Emma Davis,-10.00
2025-10-26,000-100000585-85,Frank Miller,586.85
2025/11/27,000-100000586-86,Grace Wilson,586.86
2025-12-28,0000000000000587,Hank Moore,587.87
2025-01-01,000-100000588-88,,588.88
2025-02-02,000-100000589-89,Jack Anderson,-10.00
2025-03-03,000-100000590-90,Alice Johnson,591.90
2025/04/04,000-100000591-91,Bob Smith,591.91
2025-05-05,0000000000000592,Carol Williams,592.92
2025-06-06,000-100000593-93,,593.93
2025-07-07,000-100000594-94,Emma Davis,-10.00
2025-08-08,000-100000595-95,Frank Miller,596.95
2025/09/09,000-100000596-96,Grace Wilson,596.96
2025-10-10,0000000000000597,Hank Moore,597.97
2025-11-11,000-100000598-98,,598.98
2025-12-12,000-100000599-99,Jack Anderson,-10.00
2025-01-13,000-100000600-00,Alice Johnson,601.00
2025/02/14,000-100000601-01,Bob Smith,601.01
2025-03-15,0000000000000602,Carol Williams,602.02
2025-04-16,000-100000603-03,,603.03
2025-05-17,000-100000604-04,Emma Davis,-10.00
2025-06-18,000-100000605-05,Frank Miller,606.05
2025/07/19,000-100000606-06,Grace Wilson,606.06
2025-08-20,0000000000000607,Hank Moore,607.07
2025-09-21,000-100000608-08,,608.08
2025-10-22,000-100000609-09,Jack Anderson,-10.00
2025-11-23,000-100000610-10,Alice Johnson,611.10
2025/12/24,000-100000611-11,Bob Smith,611.11
2025-01-25,0000000000000612,Carol Williams,612.12
2025-02-26,000-100000613-13,,613.13
2025-03-27,000-100000614-14,Emma Davis,-10.00
2025-04-28,000-100000615-15,Frank Miller,616.15
2025/05/01,000-100000616-16,Grace Wilson,616.16
2025-06-02,0000000000000617,Hank Moore,617.17
2025-07-03,000-100000618-18,,618.18
2025-08-04,000-100000619-19,Jack Anderson,-10.00
2025-09-05,000-100000620-20,Alice Johnson,621.20
2025/10/06,000-100000621-21,Bob Smith,621.21
2025-11-07,0000000000000622,Carol Williams,622.22
2025-12-08,000-100000623-23,,623.23
2025-01-09,000-100000624-24,Emma Davis,-10.00
2025-02-10,000-100000625-25,Frank Miller,626.25
2025/03/11,000-100000626-26,Grace Wilson,626.26
2025-04-12,0000000000000627,Hank Moore,627.27
2025-05-13,000-100000628-28,,628.28
2025-06-14,000-100000629-29,Jack Anderson,-10.00
2025-07-15,000-100000630-30,Alice Johnson,631.30
2025/08/16,000-100000631-31,Bob Smith,631.31
2025-09-17,0000000000000632,Carol Williams,632.32
2025-10-18,000-100000633-33,,633.33
2025-11-19,000-100000634-34,Emma Davis,-10.00
2025-12-20,000-100000635-35,Frank Miller,636.35
2025/01/21,000-100000636-36,Grace Wilson,636.36
2025-02-22,0000000000000637,Hank Moore,637.37
2025-03-23,000-100000638-38,,638.38
2025-04-24,000-100000639-39,Jack Anderson,-10.00
2025-05-25,000-100000640-40,Alice Johnson,641.40
2025/06/26,000-100000641-41,Bob Smith,641.41
2025-07-27,0000000000000642,Carol Williams,642.42
2025-08-28,000-100000643-43,,643.43
2025-09-01,000-100000644-44,Emma Davis,-10.00
2025-10-02,000-100000645-45,Frank Miller,646.45
2025/11/03,000-100000646-46,Grace Wilson,646.46
2025-12-04,0000000000000647,Hank Moore,647.47
2025-01-05,000-100000648-48,,648.48
2025-02-06,000-100000649-49,Jack Anderson,-10.00
2025-03-07,000-100000650-50,Alice Johnson,651.50
2025/04/08,000-100000651-51,Bob Smith,651.51
2025-05-09,0000000000000652,Carol Williams,652.52
2025-06-10,000-100000653-53,,653.53
2025-07-11,000-100000654-54,Emma Davis,-10.00
2025-08-12,000-100000655-55,Frank Miller,656.55
2025/09/13,000-100000656-56,Grace Wilson,656.56
2025-10-14,0000000000000657,Hank Moore,657.57
2025-11-15,000-100000658-58,,658.58
2025-12-16,000-100000659-59,Jack Anderson,-10.00
2025-01-17,000-100000660-60,Alice Johnson,661.60
2025/02/18,000-100000661-61,Bob Smith,661.61
2025-03-19,0000000000000662,Carol Williams,662.62
2025-04-20,000-100000663-63,,663.63
2025-05-21,000-100000664-64,Emma Davis,-10.00
2025-06-22,000-100000665-65,Frank Miller,666.65
2025/07/23,000-100000666-66,Grace Wilson,666.66
2025-08-24,0000000000000667,Hank Moore,667.67
2025-09-25,000-100000668-68,,668.68
2025-10-26,000-100000669-69,Jack Anderson,-10.00
2025-11-27,000-100000670-70,Alice Johnson,671.70
2025/12/28,000-100000671-71,Bob Smith,671.71
2025-01-01,0000000000000672,Carol Williams,672.72
2025-02-02,000-100000673-73,,673.73
2025-03-03,000-100000674-74,Emma Davis,-10.00
2025-04-04,000-100000675-75,Frank Miller,676.75
2025/05/05,000-100000676-76,Grace Wilson,676.76
2025-06-06,0000000000000677,Hank Moore,677.77
2025-07-07,000-100000678-78,,678.78
2025-08-08,000-100000679-79,Jack Anderson,-10.00
2025-09-09,000-100000680-80,Alice Johnson,681.80
2025/10/10,000-100000681-81,Bob Smith,681.81
2025-11-11,0000000000000682,Carol Williams,682.82
2025-12-12,000-100000683-83,,683.83
2025-01-13,000-100000684-84,Emma Davis,-10.00
2025-02-14,000-100000685-85,Frank Miller,686.85
2025/03/15,000-100000686-86,Grace Wilson,686.86
2025-04-16,0000000000000687,Hank Moore,687.87
2025-05-17,000-100000688-88,,688.88
2025-06-18,000-100000689-89,Jack Anderson,-10.00
2025-07-19,000-100000690-90,Alice Johnson,691.90
2025/08/20,000-100000691-91,Bob Smith,691.91
2025-09-21,0000000000000692,Carol Williams,692.92
2025-10-22,000-100000693-93,,693.93
2025-11-23,000-100000694-94,Emma Davis,-10.00
2025-12-24,000-100000695-95,Frank Miller,696.95
2025/01/25,000-100000696-96,Grace Wilson,696.96
2025-02-26,0000000000000697,Hank Moore,697.97
2025-03-27,000-100000698-98,,698.98
2025-04-28,000-100000699-99,Jack Anderson,-10.00
2025-05-01,000-100000700-00,Alice Johnson,701.00
2025/06/02,000-100000701-01,Bob Smith,701.01
2025-07-03,0000000000000702,Carol Williams,702.02
2025-08-04,000-100000703-03,,703.03
2025-09-05,000-100000704-04,Emma Davis,-10.00
2025-10-06,000-100000705-05,Frank Miller,706.05
2025/11/07,000-100000706-06,Grace Wilson,706.06
2025-12-08,0000000000000707,Hank Moore,707.07
2025-01-09,000-100000708-08,,708.08
2025-02-10,000-100000709-09,Jack Anderson,-10.00
2025-03-11,000-100000710-10,Alice Johnson,711.10
2025/04/12,000-100000711-11,Bob Smith,711.11
2025-05-13,0000000000000712,Carol Williams,712.12
2025-06-14,000-100000713-13,,713.13
2025-07-15,000-100000714-14,Emma Davis,-10.00
2025-08-16,000-100000715-15,Frank Miller,716.15
2025/09/17,000-100000716-16,Grace Wilson,716.16
2025-10-18,0000000000000717,Hank Moore,717.17
2025-11-19,000-100000718-18,,718.18
2025-12-20,000-100000719-19,Jack Anderson,-10.00
2025-01-21,000-100000720-20,Alice Johnson,721.20
2025/02/22,000-100000721-21,Bob Smith,721.21
2025-03-23,0000000000000722,Carol Williams,722.22
2025-04-24,000-100000723-23,,723.23
2025-05-25,000-100000724-24,Emma Davis,-10.00
2025-06-26,000-100000725-25,Frank Miller,726.25
2025/07/27,000-100000726-26,Grace Wilson,726.26
2025-08-28,0000000000000727,Hank Moore,727.27
2025-09-01,000-100000728-28,,728.28
2025-10-02,000-100000729-29,Jack Anderson,-10.00
2025-11-03,000-100000730-30,Alice Johnson,731.30
2025/12/04,000-100000731-31,Bob Smith,731.31
2025-01-05,0000000000000732,Carol Williams,732.32
2025-02-06,000-100000733-33,,733.33
2025-03-07,000-100000734-34,Emma Davis,-10.00
2025-04-08,000-100000735-35,Frank Miller,736.35
2025/05/09,000-100000736-36,Grace Wilson,736.36
2025-06-10,0000000000000737,Hank Moore,737.37
2025-07-11,000-100000738-38,,738.38
2025-08-12,000-100000739-39,Jack Anderson,-10.00
2025-09-13,000-100000740-40,Alice Johnson,741.40
2025/10/14,000-100000741-41,Bob Smith,741.41
2025-11-15,0000000000000742,Carol Williams,742.42
2025-12-16,000-100000743-43,,743.43
2025-01-17,000-100000744-44,Emma Davis,-10.00
2025-02-18,000-100000745-45,Frank Miller,746.45
2025/03/19,000-100000746-46,Grace Wilson,746.46
2025-04-20,0000000000000747,Hank Moore,747.47
2025-05-21,000-100000748-48,,748.48
2025-06-22,000-100000749-49,Jack Anderson,-10.00
2025-07-23,000-100000750-50,Alice Johnson,751.50
2025/08/24,000-100000751-51,Bob Smith,751.51
2025-09-25,0000000000000752,Carol Williams,752.52
2025-10-26,000-100000753-53,,753.53
2025-11-27,000-100000754-54,Emma Davis,-10.00
2025-12-28,000-100000755-55,Frank Miller,756.55
2025/01/01,000-100000756-56,Grace Wilson,756.56
2025-02-02,0000000000000757,Hank Moore,757.57
2025-03-03,000-100000758-58,,758.58
2025-04-04,000-100000759-59,Jack Anderson,-10.00
2025-05-05,000-100000760-60,Alice Johnson,761.60
2025/06/06,000-100000761-61,Bob Smith,761.61
2025-07-07,0000000000000762,Carol Williams,762.62
2025-08-08,000-100000763-63,,763.63
2025-09-09,000-100000764-64,Emma Davis,-10.00
2025-10-10,000-100000765-65,Frank Miller,766.65
2025/11/11,000-100000766-66,Grace Wilson,766.66
2025-12-12,0000000000000767,Hank Moore,767.67
2025-01-13,000-100000768-68,,768.68
2025-02-14,000-100000769-69,Jack Anderson,-10.00
2025-03-15,000-100000770-70,Alice Johnson,771.70
2025/04/16,000-100000771-71,Bob Smith,771.71
2025-05-17,0000000000000772,Carol Williams,772.72
2025-06-18,000-100000773-73,,773.73
2025-07-19,000-100000774-74,Emma Davis,-10.00
2025-08-20,000-100000775-75,Frank Miller,776.75
2025/09/21,000-100000776-76,Grace Wilson,776.76
2025-10-22,0000000000000777,Hank Moore,777.77
2025-11-23,000-100000778-78,,778.78
2025-12-24,000-100000779-79,Jack Anderson,-10.00
2025-01-25,000-100000780-80,Alice Johnson,781.80
2025/02/26,000-100000781-81,Bob Smith,781.81
2025-03-27,0000000000000782,Carol Williams,782.82
2025-04-28,000-100000783-83,,783.83
2025-05-01,000-100000784-84,Emma Davis,-10.00
2025-06-02,000-100000785-85,Frank Miller,786.85
2025/07/03,000-100000786-86,Grace Wilson,786.86
2025-08-04,0000000000000787,Hank Moore,787.87
2025-09-05,000-100000788-88,,788.88
2025-10-06,000-100000789-89,Jack Anderson,-10.00
2025-11-07,000-100000790-90,Alice Johnson,791.90
2025/12/08,000-100000791-91,Bob Smith,791.91
2025-01-09,0000000000000792,Carol Williams,792.92
2025-02-10,000-100000793-93,,793.93
2025-03-11,000-100000794-94,Emma Davis,-10.00
2025-04-12,000-100000795-95,Frank Miller,796.95
2025/05/13,000-100000796-96,Grace Wilson,796.96
2025-06-14,0000000000000797,Hank Moore,797.97
2025-07-15,000-100000798-98,,798.98
2025-08-16,000-100000799-99,Jack Anderson,-10.00
2025-09-17,000-100000800-00,Alice Johnson,801.00
2025/10/18,000-100000801-01,Bob Smith,801.01
2025-11-19,0000000000000802,Carol Williams,802.02
2025-12-20,000-100000803-03,,803.03
2025-01-21,000-100000804-04,Emma Davis,-10.00
2025-02-22,000-100000805-05,Frank Miller,806.05
2025/03/23,000-100000806-06,Grace Wilson,806.06
2025-04-24,0000000000000807,Hank Moore,807.07
2025-05-25,000-100000808-08,,808.08
2025-06-26,000-100000809-09,Jack Anderson,-10.00
2025-07-27,000-100000810-10,Alice Johnson,811.10
2025/08/28,000-100000811-11,Bob Smith,811.11
2025-09-01,0000000000000812,Carol Williams,812.12
2025-10-02,000-100000813-13,,813.13
2025-11-03,000-100000814-14,Emma Davis,-10.00
2025-12-04,000-100000815-15,Frank Miller,816.15
2025/01/05,000-100000816-16,Grace Wilson,816.16
2025-02-06,0000000000000817,Hank Moore,817.17
2025-03-07,000-100000818-18,,818.18
2025-04-08,000-100000819-19,Jack Anderson,-10.00
2025-05-09,000-100000820-20,Alice Johnson,821.20
2025/06/10,000-100000821-21,Bob Smith,821.21
2025-07-11,0000000000000822,Carol Williams,822.22
2025-08-12,000-100000823-23,,823.23
2025-09-13,000-100000824-24,Emma Davis,-10.00
2025-10-14,000-100000825-25,Frank Miller,826.25
2025/11/15,000-100000826-26,Grace Wilson,826.26
2025-12-16,0000000000000827,Hank Moore,827.27
2025-01-17,000-100000828-28,,828.28
2025-02-18,000-100000829-29,Jack Anderson,-10.00
2025-03-19,000-100000830-30,Alice Johnson,831.30
2025/04/20,000-100000831-31,Bob Smith,831.31
2025-05-21,0000000000000832,Carol Williams,832.32
2025-06-22,000-100000833-33,,833.33
2025-07-23,000-100000834-34,Emma Davis,-10.00
2025-08-24,000-100000835-35,Frank Miller,836.35
2025/09/25,000-100000836-36,Grace Wilson,836.36
2025-10-26,0000000000000837,Hank Moore,837.37
2025-11-27,000-100000838-38,,838.38
2025-12-28,000-100000839-39,Jack Anderson,-10.00
2025-01-01,000-100000840-40,Alice Johnson,841.40
2025/02/02,000-100000841-41,Bob Smith,841.41
2025-03-03,0000000000000842,Carol Williams,842.42
2025-04-04,000-100000843-43,,843.43
2025-05-05,000-100000844-44,Emma Davis,-10.00
2025-06-06,000-100000845-45,Frank Miller,846.45
2025/07/07,000-100000846-46,Grace Wilson,846.46
2025-08-08,0000000000000847,Hank Moore,847.47
2025-09-09,000-100000848-48,,848.48
2025-10-10,000-100000849-49,Jack Anderson,-10.00
2025-11-11,000-100000850-50,Alice Johnson,851.50
2025/12/12,000-100000851-51,Bob Smith,851.51
2025-01-13,0000000000000852,Carol Williams,852.52
2025-02-14,000-100000853-53,,853.53
2025-03-15,000-100000854-54,Emma Davis,-10.00
2025-04-16,000-100000855-55,Frank Miller,856.55
2025/05/17,000-100000856-56,Grace Wilson,856.56
2025-06-18,0000000000000857,Hank Moore,857.57
2025-07-19,000-100000858-58,,858.58
2025-08-20,000-100000859-59,Jack Anderson,-10.00
2025-09-21,000-100000860-60,Alice Johnson,861.60
2025/10/22,000-100000861-61,Bob Smith,861.61
2025-11-23,0000000000000862,Carol Williams,862.62
2025-12-24,000-100000863-63,,863.63
2025-01-25,000-100000864-64,Emma Davis,-10.00
2025-02-26,000-100000865-65,Frank Miller,866.65
2025/03/27,000-100000866-66,Grace Wilson,866.66
2025-04-28,0000000000000867,Hank Moore,867.67
2025-05-01,000-100000868-68,,868.68
2025-06-02,000-100000869-69,Jack Anderson,-10.00
2025-07-03,000-100000870-70,Alice Johnson,871.70
2025/08/04,000-100000871-71,Bob Smith,871.71
2025-09-05,0000000000000872,Carol Williams,872.72
2025-10-06,000-100000873-73,,873.73
2025-11-07,000-100000874-74,Emma Davis,-10.00
2025-12-08,000-100000875-75,Frank Miller,876.75
2025/01/09,000-100000876-76,Grace Wilson,876.76
2025-02-10,0000000000000877,Hank Moore,877.77
2025-03-11,000-100000878-78,,878.78
2025-04-12,000-100000879-79,Jack Anderson,-10.00
2025-05-13,000-100000880-80,Alice Johnson,881.80
2025/06/14,000-100000881-81,Bob Smith,881.81
2025-07-15,0000000000000882,Carol Williams,882.82
2025-08-16,000-100000883-83,,883.83
2025-09-17,000-100000884-84,Emma Davis,-10.00
2025-10-18,000-100000885-85,Frank Miller,886.85
2025/11/19,000-100000886-86,Grace Wilson,886.86
2025-12-20,0000000000000887,Hank Moore,887.87
2025-01-21,000-100000888-88,,888.88
2025-02-22,000-100000889-89,Jack Anderson,-10.00
2025-03-23,000-100000890-90,Alice Johnson,891.90
2025/04/24,000-100000891-91,Bob Smith,891.91
2025-05-25,0000000000000892,Carol Williams,892.92
2025-06-26,000-100000893-93,,893.93
2025-07-27,000-100000894-94,Emma Davis,-10.00
2025-08-28,000-100000895-95,Frank Miller,896.95
2025/09/01,000-100000896-96,Grace Wilson,896.96
2025-10-02,0000000000000897,Hank Moore,897.97
2025-11-03,000-100000898-98,,898.98
2025-12-04,000-100000899-99,Jack Anderson,-10.00
2025-01-05,000-100000900-00,Alice Johnson,901.00
2025/02/06,000-100000901-01,Bob Smith,901.01
2025-03-07,0000000000000902,Carol Williams,902.02
2025-04-08,000-100000903-03,,903.03
2025-05-09,000-100000904-04,Emma Davis,-10.00
2025-06-10,000-100000905-05,Frank Miller,906.05
2025/07/11,000-100000906-06,Grace Wilson,906.06
2025-08-12,0000000000000907,Hank Moore,907.07
2025-09-13,000-100000908-08,,908.08
2025-10-14,000-100000909-09,Jack Anderson,-10.00
2025-11-15,000-100000910-10,Alice Johnson,911.10
2025/12/16,000-100000911-11,Bob Smith,911.11
2025-01-17,0000000000000912,Carol Williams,912.12
2025-02-18,000-100000913-13,,913.13
2025-03-19,000-100000914-14,Emma Davis,-10.00
2025-04-20,000-100000915-15,Frank Miller,916.15
2025/05/21,000-100000916-16,Grace Wilson,916.16
2025-06-22,0000000000000917,Hank Moore,917.17
2025-07-23,000-100000918-18,,918.18
2025-08-24,000-100000919-19,Jack Anderson,-10.00
2025-09-25,000-100000920-20,Alice Johnson,921.20
2025/10/26,000-100000921-21,Bob Smith,921.21
2025-11-27,0000000000000922,Carol Williams,922.22
2025-12-28,000-100000923-23,,923.23
2025-01-01,000-100000924-24,Emma Davis,-10.00
2025-02-02,000-100000925-25,Frank Miller,926.25
2025/03/03,000-100000926-26,Grace Wilson,926.26
2025-04-04,0000000000000927,Hank Moore,927.27
2025-05-05,000-100000928-28,,928.28
2025-06-06,000-100000929-29,Jack Anderson,-10.00
2025-07-07,000-100000930-30,Alice Johnson,931.30
2025/08/08,000-100000931-31,Bob Smith,931.31
2025-09-09,0000000000000932,Carol Williams,932.32
2025-10-10,000-100000933-33,,933.33
2025-11-11,000-100000934-34,Emma Davis,-10.00
2025-12-12,000-100000935-35,Frank Miller,936.35
2025/01/13,000-100000936-36,Grace Wilson,936.36
2025-02-14,0000000000000937,Hank Moore,937.37
2025-03-15,000-100000938-38,,938.38
2025-04-16,000-100000939-39,Jack Anderson,-10.00
2025-05-17,000-100000940-40,Alice Johnson,941.40
2025/06/18,000-100000941-41,Bob Smith,941.41
2025-07-19,0000000000000942,Carol Williams,942.42
2025-08-20,000-100000943-43,,943.43
2025-09-21,000-100000944-44,Emma Davis,-10.00
2025-10-22,000-100000945-45,Frank Miller,946.45
2025/11/23,000-100000946-46,Grace Wilson,946.46
2025-12-24,0000000000000947,Hank Moore,947.47
2025-01-25,000-100000948-48,,948.48
2025-02-26,000-100000949-49,Jack Anderson,-10.00
2025-03-27,000-100000950-50,Alice Johnson,951.50
2025/04/28,000-100000951-51,Bob Smith,951.51
2025-05-01,0000000000000952,Carol Williams,952.52
2025-06-02,000-100000953-53,,953.53
2025-07-03,000-100000954-54,Emma Davis,-10.00
2025-08-04,000-100000955-55,Frank Miller,956.55
2025/09/05,000-100000956-56,Grace Wilson,956.56
2025-10-06,0000000000000957,Hank Moore,957.57
2025-11-07,000-100000958-58,,958.58
2025-12-08,000-100000959-59,Jack Anderson,-10.00
2025-01-09,000-100000960-60,Alice Johnson,961.60
2025/02/10,000-100000961-61,Bob Smith,961.61
2025-03-11,0000000000000962,Carol Williams,962.62
2025-04-12,000-100000963-63,,963.63
2025-05-13,000-100000964-64,Emma Davis,-10.00
2025-06-14,000-100000965-65,Frank Miller,966.65
2025/07/15,000-100000966-66,Grace Wilson,966.66
2025-08-16,0000000000000967,Hank Moore,967.67
2025-09-17,000-100000968-68,,968.68
2025-10-18,000-100000969-69,Jack Anderson,-10.00
2025-11-19,000-100000970-70,Alice Johnson,971.70
2025/12/20,000-100000971-71,Bob Smith,971.71
2025-01-21,0000000000000972,Carol Williams,972.72
2025-02-22,000-100000973-73,,973.73
2025-03-23,000-100000974-74,Emma Davis,-10.00
2025-04-24,000-100000975-75,Frank Miller,976.75
2025/05/25,000-100000976-76,Grace Wilson,976.76
2025-06-26,0000000000000977,Hank Moore,977.77
2025-07-27,000-100000978-78,,978.78
2025-08-28,000-100000979-79,Jack Anderson,-10.00
2025-09-01,000-100000980-80,Alice Johnson,981.80
2025/10/02,000-100000981-81,Bob Smith,981.81
2025-11-03,0000000000000982,Carol Williams,982.82
2025-12-04,000-100000983-83,,983.83
2025-01-05,000-100000984-84,Emma Davis,-10.00
2025-02-06,000-100000985-85,Frank Miller,986.85
2025/03/07,000-100000986-86,Grace Wilson,986.86
2025-04-08,0000000000000987,Hank Moore,987.87
2025-05-09,000-100000988-88,,988.88
2025-06-10,000-100000989-89,Jack Anderson,-10.00
2025-07-11,000-100000990-90,Alice Johnson,991.90
2025/08/12,000-100000991-91,Bob Smith,991.91
2025-09-13,0000000000000992,Carol Williams,992.92
2025-10-14,000-100000993-93,,993.93
2025-11-15,000-100000994-94,Emma Davis,-10.00
2025-12-16,000-100000995-95,Frank Miller,996.95
2025/01/17,000-100000996-96,Grace Wilson,996.96
2025-02-18,0000000000000997,Hank Moore,997.97
2025-03-19,000-100000998-98,,998.98
2025-04-20,000-100000999-99,Jack Anderson,-10.00
